Delal;Abzak
Fatma;Acar
Özde;Acarkan
Atahan;Adanır
Hacı;Adıgüzel
Mükerrem;Ağca
Bestami;Ağırağaç
Aykanat;Ağıroğlu
Şennur;Ağnar
Tutkum;Asl
Mügenur;Ahmet
Sevinç;Ak
Kayıhan;Akarcalı
Lemi;Akarçay
Cihan;Akarpınar
Rafi;Akaş
Mehmetcan;Akay
Nuhaydar;Akbilmez
Emine;Akca
Servet;Akçagunay
Çilem;Akçay
Recep;Akdoğan
Emre;Akfırat
Kerime;Akıllı
Ercüment;Akıncılar
Sarper;Akış
Berker;Akkiray
İclal;Akkoyun
Lemis;Akküt
Ahmet;Çörekçi
Ata;Akman
Ahmet;Akoğuz
Ecem;Akova
Nüket;Aksan
Senem;Aksevim
Ayşen;Aksoy
Pekcan;Aksöz
Bedirhan;Akşamoğlu
Semina;Aktuna
Eda;Akyıldız
Müyesser;Akyildirim
Selinti;Al
Bahar;Albaş
İlma;Aldağ
Kutlu;Alibeyoğlu
Nesibe;Alkan
Ömer;Alparslan
Hiba;Alpuğan
Mazlum;Altan
Elif;Altaş
Ahmet;Altay
Yaşar;Altın
Rana;Altınoklu
Fethullah;Altınöz
Burak;Altıntaş
Merve;Altıok
Rima;Altıparmak
Elif;Altinkaya
Sırma;Altunbaş
Nefse;Altunbulak
Büşra;Altundal
Erna;Aluç
Hikmet;Alver
İsmail;Anık
İlkay;Ankara
Nebahat;Ansen
İlyas;Apul
Halim;Aral
Yasin;Arap
Cansev;Arat
Memet;Ardıç
Deniz;Arıcan
İzlem;Arınç
Öget;Arif
Şeyda;Arikan
Zeki;Armutcu
Nunazlı;Arpacı
Ferdacan;Aruca
Şerife;Asil
Mustafa;Askın
Ilım;Aslantürk
Sevginur;Aşcı
Hayrunnisa;Aşveren
Hanife;Ata
Sevtap;Atan
Paksoy;Ateş
İlkim;Ateşcan
Rubabe;Atlı
Saba;Atmaca
Çisem;Atok
Sabiha;Atol
Edip;Attila
Almina;Özsoy
Saime;Avıandı
Nehar;Avşar
Kaan;Ay
Murat;Ayanoglu
Murat;Ayaz
Ateş;Aycı
Zeynep;Aydınlıoğlu
Kerime;Yozgat
Hami;Aydoğdu
Thomas;Aygen
Güneş;Aykan
Elif;Ayrım
Uğur;Aysal
Osman;Aysan
Adem;Ayvacık
Sera;Azbay
Ali;Babacan
Ruhugül;Babadostu
Alçiçek;Bad
Memet;Bağcı
Mercan;Bağçivan
Gökay;Bağış
Pırıltı;Bahçeli
Özgün;Bahtıyar
Özgen;Baka
Seung;Baki
Gülser;Bal
Yüksel;Balcı
Ecren;Baldo
Muhammet;Balı
Sakıp;Balıoğlu
Kazım;Balta
Abdullah;Baluken
Coşkun;Baran
Serdar;Barbaros
Ezel;Bargan
Ayşegül;Barutçuoğlu
Sefa;Başar
Elif;Başeğmez
Balın;Baştepe
Mahperi;Baştopçu
Erol;Baştuğ
Atak;Batar
Safa;Batga
Gökmen;Battal
Fazıl;Batuk
Bensu;Batur
Nazım;Baturalp
Safa;Baydar
Demircan;Baydil
Burçin;Baykal
Derviş;Baykan
Taylan;Baykuş
Abdulvahap;Bayrakoğlu
Aygün;Bayram
Ayla;Baytın
Kubilay;Begiç
Mustafa;Beğenilmiş
Berfin;Bekaroğlu
İbrahim;Belge
Jutenya;Benan
Hulki;Bent
Mustafa;Berberoğlu
Hüner;Berk
Buse;Berker
Halime;Beydağ
Didem;Bıçaksız
Mihrinaz;Bilal
Lal;Bilgeç
Senay;Bilgen
Remzi;Bilgi
Armağan;Bilgiç
Çelik;Bilgir
Kübra;Bilgit
Uluç;Binbay
Mehmet;Birgili
Doğuşcan;Biriz
Altan;Boy
Bengisu;Boya
Onur;Boylu
Ayseren;Boyuktaş
Pekin;Boz
Aksu;Bozdağ
Arkan;Bozdemir
İltem;Boztepe
Betül;Bozyer
Ogün;Bölge
İbrahim;Bugey
Onay;Buğdaypınarı
Cankız;Bulgan
Arzucan;Bulgur
Asiye;Burabak
Ahmet;Burak
Yaprak;Bural
Aleda;Buyuran
Can;Bülbül
Mahmut;Bülend
Saliha;Bülent
Melike;Büyükfırat
Hayriye;Büyükgüngör
Sebiha;Büyüköztürk
Mehmet;Akçaözoğlu
Mehmet;Canan
Kurtbey;Canbağı
Mustafa;Canbek
Sena;Candan
Abdullah;Caner
Mustafa;Cansu
Doktora;Canuyar
Seyit;Ceran
Selma;Ceylan
Aşkım;Chiklyaukova
Özgür;Choi
Tuğce;Cibooğlu
Özer;Ciddi
Balkın;Cigerlioğlu
Yücel;Civan
Şansal;Coşan
Oğuzcan;Coşandal
Mayıs;Cumalı
Büşra;Cüce
Afra;Çağan
Gönül;Çağatay
Doğangün;Çağlar
Elif;Çağlayan
Özen;Çakan
Dilhan;Çakanel
Maral;Çakıcı
Mahire;Çalım
Hacı;Çamaş
Oltun;Çanga
Önel;Çapa
Bayülken;Çaprak
Dilseren;Çarıcı
Elif;Çark
Elvan;Çatal
Esim;Çaylar
Sena;Çekmecelioğlu
Muhammed;Çekmeci
Aydın;Çelebican
Çağkan;Çelenlioğlu
Zümra;Çelık
Bayar;Çelik
Gönülgül;Çelikağı
Ece;Çeliker
Mehmet;Çelikkol
Elife;Çerçi
Efecan;Çetintaş
Rıdvan;Çıkıkcı
Hatice;Çınar
Yansı;Çınaroğlu
Omaç;Çıngır
Erhan;Çıray
Şüheda;Çiçekli
Ünkan;Çini
Ahmet;Çintan
Seher;Çitfçi
Gürbüz;Çivici
Zülal;Çolak
Ozan;Çomu
Hilal;Çonay
Ayben;Çorumlu
Abdulbaki;Çotur
Neva;Çuhadar
Öznur;Çulhaoğlu
Olgun;Dadalıoğlu
Çağrı;Dağar
Özalp;Dağbağ
Hüsne;Dal
Aydonat;Dalkılıç
Ezgin;Dallı
Refiye;Dalyaprak
Esat;Daniş
Ayşe;Daşdemir
Fetullah;Davutoğlu
Mert;Dayıoğlu
Ergün;Değirmendereli
Hülya;Chasan
Doga;Delice
Muhammed;Deliloğlu
Miraç;Demırören
Hürel;Demiriz
Sömer;Demiroğlu
Aysel;Demirsatan
Mehmet;Dengizek
Alya;Denizgünü
Zeynep;Derdemez
Tubanur;Dereli
Dalay;Derya
Bedir;Destereci
Rümeysa;Devecel
Osman;Devrim
Saliha;Dıvarcı
Samet;Dikbaş
Haldun;Dinçtürk
Goncagül;Diri
Ziya;Doğramacı
Zehra;Döger
Seli;Dökülmez
Firuze;Dönder
Doruk;Döner
Çisil;Dönmez
Tugce;Dudu
Enver;Dur
Sanber;Durak
Birsen;Durmuş
Taçmin;Durmuşoğlu
Karanalp;Dursun
Öktem;Duymuş
Elanaz;Dülgerbaki
Fidan;Dündar
Barın;Düşenkalkar
Mehmet;Düzbayır
Cem;Edeş
Erem;Mp
Volkan;Efşin
İbrahim;Ege
Güngör;Egeli
Çağın;Egin
Alphan;Ekercan
Lale;Ekrem
Bağış;Elbaşı
Mert;Eliçin
Ahmet;Emikoğlu
Akife;Erbay
Burç;Erbil
Nadire;Erbul
Hüseyin;Ercoşkun
Aynur;Ercüment
Samed;Erek
Cem;Erim
Bahar;Erin
Rekin;Erkek
Hüseyin;Erkekli
İbrahim;Erki
Beniz;Erkmen
Hasan;Erkoç
Selman;Erkoşan
Hanife;Erkovan
Alper;Erkuş
Elif;Eroğlu
Abdullah;Erol
Çisel;Ersin
İlkin;Ersöz
Cantekin;Erten
Onur;Ertepınar
İsmail;Eruzun
Hamıd;Eryıldız
Tunca;Eryılmaz
Arslan;Erzurumlu
Neslihan;Esat
Lütfiye;Esen
Belin;Esendemir
Rukiye;Esgin
İslam;Eshaqzada
Batıray;Eski
Süheyl;Esvap
Yargı;Eşe
Elzem;Evrenos
Ilgaz;Eyipişiren
Ongar;Eyyupoğlu
Faik;Ezber
Turan;Fahri
Okbay;Fatih
Latife;Fatin
Eyüp;Fındık
İrfan;Fındıkçı
Ertuğ;Furuncuoğlu
Berhudan;Garip
Nihan;Gazitepe
Menekşe;Geben
Şeniz;Geboloğlu
Zeynep;Geçioğlu
Hayri;Geçkin
Muazzez;Gemalmaz
Kerem;Gençoğlu
Sadık;Gezmiş
Resmiye;Gırgın
Nergiz;Gilim
Mehmet;Ginoviç
Mehmetali;Girgin
Abdullah;Golba
Tilbe;Göç
Kubra;Göçmen
Kubilay;Gödek
Busem;Gökçeaslan
Banuhan;Gökçek
Örgün;Gökhan
Melike;Göksoy
Yeşim;Gölmes
Nilüfer;Gönay
Denizhan;Gönül
Şueda;Göreke
Ersin;Görgülü
Şahabettin;Görgüner
Ayşe;Görür
Nazım;Göven
Meltem;Göymen
Abdulhalim;Guguk
Gülten;Güdücü
Işınbıke;Gülcan
Vedia;Gülçin
Fatma;Güldoğuş
Ömer;Gülebakan
Aybike;Güleç
Bektaş;Gülenç
Emircan;Güleryüz
Merter;Gülkan
Sevgi;Güllüce
Denktaş;Gülşen
Köksal;Gültaş
Hasan;Gültepe
Öymen;Gümüşsoy
Eylem;Gündüz
Melek;Günel
Argun;Güneri
Mehmet;Güneyi
Yasemin;Güntek
Günan;Güral
Osman;Gürdemir
Okyanus;Gürel
Mert;Güreş
Zeynep;Gürses
Tarık;Güven
Birgen;Güvener
Ahmet;Güzel
Manolya;Güzeller
Mustafa;Güzeloğlu
Mehmet;Hacıalioğlu
Ahmet;Hacılar
Fazilet;Hacıoğlu
Kıvılcım;Hadi
Çisil;Hafız
Feray;Hakverdi
Büşranur;Halaçoğlu
Selin;Halıcılar
Yeter;Hamamcıoğlu
Ramazan;Hamarat
Boran;Hamidi
Tazika;Hamzaoğlu
Aynur;Hancı
Ayman;Hangül
Berrak;Harman
Erk;Harmankaya
Perihan;Haykır
Turhan;Hırlak
Furkan;Hızarcıoğlu
Mustafa;Hiçyılmam
Muhammed;Hilal
Argün;Hilmi
Fadik;Himoğlu
Ahmet;Hirik
Mustafa;Hopacı
Toykan;Horata
Selime;Hüner
Denizcan;Ilık
Ayşe;Irıcıoğlu
Mustafa;Işınay
Sude;İbrahim
Güçlü;İçten
Katya;İlgezdi
Halid;İlhan
Nihal;İlısu
Elif;İmamoğlu
Emine;İmre
Tevfik;İnal
İbrahim;İncekara
Sidar;İnceoğlu
Nesli;İpçizade
İhsan;İpekoğlu
Necati;İrsoy
Zerin;İshakoğlu
Dursun;İşgören
Ahuşen;İşgüzar
Uzel;Kabataş
Melis;Kabayuka
Şaziye;Kabukçu
Bergüzar;Kaçaranoğlu
Ömer;Kadı
Dağhan;Kadoğlu
Ünzile;Kalfaoğlu
Sezer;Kalsın
Şensoy;Kalyoncu
Necatı;Kamışlı
Şahan;Kandaşoğlu
Necip;Kanlı
Muharrem;Kanmaz
Zeynep;Kantarcı
Çilay;Kapsız
Suna;Karaaslanlı
Ahmet;Karabacak
Asya;Karabağ
Gül;Karabıyık
Fatma;Karabıyıklı
Arca;Karabulut
Abdullatif;Karacabey
Tuğra;Karacan
Emir;Karaçay
Haluk;Karaçeşme
Seyit;Karadağ
Cevza;Karadalan
Mustafa;Karademir
Ilgar;Karaismail
Seren;Karakan
Büşra;Karakaplan
Naci;Karakaya
Oğuz;Karakelle